pop,pcrit,Neb,Neb_lCI,Neb_uCI,He_Ne,He_lCIp,He_uCIp,LDNe,LDNe_lCIp,LDNe_uCIp,LDNe_lCIj,LDNe_uCIj,facet
str_2BO,0.05,2.5,1.6,3.5,4.9,3.5,8.6,Inf,Inf,Inf,2.7,Inf,stream
str_2BO,0.02,2.5,1.6,3.5,4.9,3.5,8.6,Inf,Inf,Inf,2.7,Inf,stream
str_2BO,0.01,2.5,1.6,3.5,4.9,3.5,8.6,Inf,Inf,Inf,2.7,Inf,stream
str_4BO,0.05,3.2,2.1,4.5,4.2,3.2,6.5,Inf,Inf,Inf,2.7,Inf,stream
str_4BO,0.02,3.2,2.1,4.5,4.2,3.2,6.5,Inf,Inf,Inf,2.7,Inf,stream
str_4BO,0.01,3.2,2.1,4.5,4.2,3.2,6.5,Inf,Inf,Inf,2.7,Inf,stream
str_ABE,0.05,1.1,0.9,1.4,4.4,3.3,6.7,Inf,Inf,Inf,8.8,Inf,stream
str_ABE,0.02,1.1,0.9,1.4,6.5,4.8,10.4,Inf,Inf,Inf,6.1,Inf,stream
str_ABE,0.01,1.1,0.9,1.4,6.5,4.8,10.4,Inf,Inf,Inf,6.1,Inf,stream
str_AND,0.05,5.7,2.9,9.4,9.9,4.1,Inf,Inf,Inf,Inf,Inf,Inf,stream
str_AND,0.02,5.7,2.9,9.4,9.9,4.1,Inf,Inf,Inf,Inf,Inf,Inf,stream
str_AND,0.01,5.7,2.9,9.4,9.9,4.1,Inf,Inf,Inf,Inf,Inf,Inf,stream
str_BAT,0.05,2.9,1.8,4.1,3.5,2.7,5.5,Inf,Inf,Inf,3.6,Inf,stream
str_BAT,0.02,2.9,1.8,4.1,3.5,2.7,5.5,Inf,Inf,Inf,3.6,Inf,stream
str_BAT,0.01,2.9,1.8,4.1,3.5,2.7,5.5,Inf,Inf,Inf,3.6,Inf,stream
str_BEA,0.05,0.8,0.7,1,4.9,3.2,11.3,225.1,50.6,Inf,7.9,Inf,stream
str_BEA,0.02,0.8,0.7,1,8.7,5.6,21,10.5,9,12.2,1.7,Inf,stream
str_BEA,0.01,0.8,0.7,1,8.7,5.6,21,10.5,9,12.2,1.7,Inf,stream
str_BGA,0.05,Inf,Inf,Inf,2.7,1.7,7.7,Inf,Inf,Inf,0.8,Inf,stream
str_BGA,0.02,Inf,Inf,Inf,2.7,1.7,7.7,Inf,Inf,Inf,0.8,Inf,stream
str_BGA,0.01,Inf,Inf,Inf,2.7,1.7,7.7,Inf,Inf,Inf,0.8,Inf,stream
str_BYD,0.05,1.3,1.1,1.5,4.2,3.5,5.3,Inf,Inf,Inf,4.9,Inf,stream
str_BYD,0.02,1.3,1.1,1.5,5.1,4.2,6.6,Inf,Inf,Inf,3.1,Inf,stream
str_BYD,0.01,1.3,1.1,1.5,5.1,4.2,6.6,Inf,Inf,Inf,3.1,Inf,stream
str_CCC,0.05,1.5,1.2,1.9,5.5,3.5,14.7,Inf,Inf,Inf,1.6,Inf,stream
str_CCC,0.02,1.5,1.2,1.9,5.5,3.5,14.7,Inf,Inf,Inf,1.6,Inf,stream
str_CCC,0.01,1.5,1.2,1.9,5.5,3.5,14.7,Inf,Inf,Inf,1.6,Inf,stream
str_CMC,0.05,1.3,1,1.6,5.2,3.8,8.4,65.9,15.8,Inf,1.4,Inf,stream
str_CMC,0.02,1.3,1,1.6,6,4.3,9.8,21.4,10.6,109.8,1.5,Inf,stream
str_CMC,0.01,1.3,1,1.6,6,4.3,9.8,21.4,10.6,109.8,1.5,Inf,stream
str_COY,0.05,1.6,1.2,2.1,11.3,5.3,Inf,405.8,68.5,Inf,10,Inf,stream
str_COY,0.02,1.6,1.2,2.1,17.6,8.1,Inf,104,56.8,466.6,9.1,Inf,stream
str_COY,0.01,1.6,1.2,2.1,17.6,8.1,Inf,104,56.8,466.6,9.1,Inf,stream
str_CRA,0.05,0.7,0.6,0.8,1.5,1.2,2.3,Inf,Inf,Inf,2.9,Inf,stream
str_CRA,0.02,0.7,0.6,0.8,3.8,2.6,7.2,6.2,4.2,8.4,1.9,36.8,stream
str_CRA,0.01,0.7,0.6,0.8,3.8,2.6,7.2,6.2,4.2,8.4,1.9,36.8,stream
str_CWC,0.05,1.8,1.2,2.4,4.6,2.8,14.5,Inf,Inf,Inf,Inf,Inf,stream
str_CWC,0.02,1.8,1.2,2.4,4.6,2.8,14.5,Inf,Inf,Inf,Inf,Inf,stream
str_CWC,0.01,1.8,1.2,2.4,4.6,2.8,14.5,Inf,Inf,Inf,Inf,Inf,stream
str_DIX,0.05,10.6,5,18.3,2.8,2.3,3.7,Inf,Inf,Inf,1.4,Inf,stream
str_DIX,0.02,10.6,5,18.3,2.8,2.3,3.7,Inf,Inf,Inf,1.4,Inf,stream
str_DIX,0.01,10.6,5,18.3,2.8,2.3,3.7,Inf,Inf,Inf,1.4,Inf,stream
str_EFC,0.05,3.1,2.1,4.2,4,2.8,7.5,Inf,Inf,Inf,Inf,Inf,stream
str_EFC,0.02,3.1,2.1,4.2,4,2.8,7.5,Inf,Inf,Inf,Inf,Inf,stream
str_EFC,0.01,3.1,2.1,4.2,4,2.8,7.5,Inf,Inf,Inf,Inf,Inf,stream
str_FCC,0.05,6.1,4.1,8.4,11.6,6.4,82,Inf,Inf,Inf,Inf,Inf,stream
str_FCC,0.02,6.1,4.1,8.4,11.6,6.4,82,Inf,Inf,Inf,Inf,Inf,stream
str_FCC,0.01,6.1,4.1,8.4,11.6,6.4,82,Inf,Inf,Inf,Inf,Inf,stream
str_FOR,0.05,1,0.9,1.2,6,4.5,9.1,166.4,36.9,Inf,1.6,Inf,stream
str_FOR,0.02,1,0.9,1.2,8.2,6.1,13.1,15.6,11.8,21.9,1.9,Inf,stream
str_FOR,0.01,1,0.9,1.2,8.2,6.1,13.1,15.6,11.8,21.9,1.9,Inf,stream
str_FRZ,0.05,3.2,1.9,4.9,4.2,2.9,8.4,261.7,51.4,Inf,8.7,Inf,stream
str_FRZ,0.02,3.2,1.9,4.9,6.4,4.3,13.1,132.6,55.7,Inf,11,Inf,stream
str_FRZ,0.01,3.2,1.9,4.9,6.4,4.3,13.1,132.6,55.7,Inf,11,Inf,stream
str_GAN,0.05,1.5,1.1,1.9,4.5,3.3,7.6,Inf,Inf,Inf,6.2,Inf,stream
str_GAN,0.02,1.5,1.1,1.9,6.9,4.9,12.2,32.6,23,52.6,2.9,Inf,stream
str_GAN,0.01,1.5,1.1,1.9,6.9,4.9,12.2,32.6,23,52.6,2.9,Inf,stream
str_GOC,0.05,2.6,1.8,3.7,3.3,2.4,5.3,8.2,5.9,11.6,1.6,Inf,stream
str_GOC,0.02,2.6,1.8,3.7,3.3,2.4,5.3,8.2,5.9,11.6,1.6,Inf,stream
str_GOC,0.01,2.6,1.8,3.7,3.3,2.4,5.3,8.2,5.9,11.6,1.6,Inf,stream
str_HAN,0.05,3,2.2,4.1,3.2,2.5,4.5,Inf,Inf,Inf,19.5,Inf,stream
str_HAN,0.02,3,2.2,4.1,4.6,3.6,6.7,Inf,Inf,Inf,6.8,Inf,stream
str_HAN,0.01,3,2.2,4.1,4.6,3.6,6.7,Inf,Inf,Inf,6.8,Inf,stream
str_INC,0.05,Inf,Inf,Inf,Inf,Inf,Inf,Inf,Inf,Inf,Inf,Inf,stream
str_INC,0.02,Inf,Inf,Inf,Inf,Inf,Inf,Inf,Inf,Inf,Inf,Inf,stream
str_INC,0.01,Inf,Inf,Inf,Inf,Inf,Inf,Inf,Inf,Inf,Inf,Inf,stream
str_INK,0.05,Inf,Inf,Inf,10.8,4.8,Inf,Inf,Inf,Inf,Inf,Inf,stream
str_INK,0.02,Inf,Inf,Inf,10.8,4.8,Inf,Inf,Inf,Inf,Inf,Inf,stream
str_INK,0.01,Inf,Inf,Inf,10.8,4.8,Inf,Inf,Inf,Inf,Inf,Inf,stream
str_IPL,0.05,1.9,1.3,2.6,8.3,4.7,47.5,Inf,Inf,Inf,Inf,Inf,stream
str_IPL,0.02,1.9,1.3,2.6,8.3,4.7,47.5,Inf,Inf,Inf,Inf,Inf,stream
str_IPL,0.01,1.9,1.3,2.6,8.3,4.7,47.5,Inf,Inf,Inf,Inf,Inf,stream
str_JCC,0.05,1.7,1.5,1.9,134.5,11.4,Inf,22.7,16.5,34.3,1.7,Inf,stream
str_JCC,0.02,1.7,1.5,1.9,142,12,Inf,19.9,15.1,28.1,1.8,Inf,stream
str_JCC,0.01,1.7,1.5,1.9,142,12,Inf,19.9,15.1,28.1,1.8,Inf,stream
str_LEE,0.05,5.3,3.1,8.2,41.7,7,Inf,Inf,Inf,Inf,Inf,Inf,stream
str_LEE,0.02,5.3,3.1,8.2,41.7,7,Inf,Inf,Inf,Inf,Inf,Inf,stream
str_LEE,0.01,5.3,3.1,8.2,41.7,7,Inf,Inf,Inf,Inf,Inf,Inf,stream
str_LIN,0.05,1,0.9,1,9.3,5.5,36.6,1.5,1.3,1.6,0.6,20,stream
str_LIN,0.02,1,0.9,1,10.6,6.2,43.6,1.5,1.4,1.7,0.7,9.1,stream
str_LIN,0.01,1,0.9,1,10.6,6.2,43.6,1.5,1.4,1.7,0.7,9.1,stream
str_LJK,0.05,1.3,1.1,1.5,6.9,5.2,10.6,59.4,23.4,Inf,1.1,Inf,stream
str_LJK,0.02,1.3,1.1,1.5,8.6,6.4,13.4,20.9,13.8,37.9,1.2,Inf,stream
str_LJK,0.01,1.3,1.1,1.5,8.6,6.4,13.4,20.9,13.8,37.9,1.2,Inf,stream
str_LNF,0.05,6.1,3.6,9.3,5.7,4,10.1,Inf,Inf,Inf,12.3,Inf,stream
str_LNF,0.02,6.1,3.6,9.3,5.8,4.1,10.4,Inf,Inf,Inf,11.8,Inf,stream
str_LNF,0.01,6.1,3.6,9.3,5.8,4.1,10.4,Inf,Inf,Inf,11.8,Inf,stream
str_LNG,0.05,17,2.8,43.5,8.6,4.2,Inf,Inf,Inf,Inf,Inf,Inf,stream
str_LNG,0.02,17,2.8,43.5,8.6,4.2,Inf,Inf,Inf,Inf,Inf,Inf,stream
str_LNG,0.01,17,2.8,43.5,8.6,4.2,Inf,Inf,Inf,Inf,Inf,Inf,stream
str_LON,0.05,1.1,0.9,1.3,6.6,3.7,47.7,Inf,Inf,Inf,6.9,Inf,stream
str_LON,0.02,1.1,0.9,1.3,11.4,6.3,92.8,587.9,66.3,Inf,4.3,Inf,stream
str_LON,0.01,1.1,0.9,1.3,11.4,6.3,92.8,587.9,66.3,Inf,4.3,Inf,stream
str_LTA,0.05,Inf,Inf,Inf,2.3,1.6,4.4,Inf,Inf,Inf,0,Inf,stream
str_LTA,0.02,Inf,Inf,Inf,2.3,1.6,4.4,Inf,Inf,Inf,0,Inf,stream
str_LTA,0.01,Inf,Inf,Inf,2.3,1.6,4.4,Inf,Inf,Inf,0,Inf,stream
str_LWF,0.05,15.9,9.2,24.4,4.9,3.9,6.7,Inf,Inf,Inf,Inf,Inf,stream
str_LWF,0.02,15.9,9.2,24.4,4.9,3.9,6.7,Inf,Inf,Inf,Inf,Inf,stream
str_LWF,0.01,15.9,9.2,24.4,4.9,3.9,6.7,Inf,Inf,Inf,Inf,Inf,stream
str_MAC,0.05,1.9,1.3,2.7,4.3,3.1,7.8,Inf,247.8,Inf,13.4,Inf,stream
str_MAC,0.02,1.9,1.3,2.7,5.9,4.1,11,Inf,108.4,Inf,15,Inf,stream
str_MAC,0.01,1.9,1.3,2.7,5.9,4.1,11,Inf,108.4,Inf,15,Inf,stream
str_MAE,0.05,16,1.9,44.7,4.4,3.1,8.6,Inf,Inf,Inf,Inf,Inf,stream
str_MAE,0.02,16,1.9,44.7,4.4,3.1,8.6,Inf,Inf,Inf,Inf,Inf,stream
str_MAE,0.01,16,1.9,44.7,4.4,3.1,8.6,Inf,Inf,Inf,Inf,Inf,stream
str_MAR,0.05,1.9,1.3,2.7,4.9,3.3,10.1,Inf,521.5,Inf,30.4,Inf,stream
str_MAR,0.02,1.9,1.3,2.7,7.5,5,16.1,673,115.8,Inf,22.4,Inf,stream
str_MAR,0.01,1.9,1.3,2.7,7.5,5,16.1,673,115.8,Inf,22.4,Inf,stream
str_MAU,0.05,7.9,4.7,11.9,4.3,3.2,6.9,Inf,Inf,Inf,Inf,Inf,stream
str_MAU,0.02,7.9,4.7,11.9,4.3,3.2,6.9,Inf,Inf,Inf,Inf,Inf,stream
str_MAU,0.01,7.9,4.7,11.9,4.3,3.2,6.9,Inf,Inf,Inf,Inf,Inf,stream
str_MEI,0.05,1.2,1,1.6,6.7,4,29,Inf,129.9,Inf,11.2,Inf,stream
str_MEI,0.02,1.2,1,1.6,11.5,6.7,51.5,Inf,Inf,Inf,13.2,Inf,stream
str_MEI,0.01,1.2,1,1.6,11.5,6.7,51.5,Inf,Inf,Inf,13.2,Inf,stream
str_MHK,0.05,0.8,0.7,1,2.6,1.8,5.1,Inf,Inf,Inf,45.5,Inf,stream
str_MHK,0.02,0.8,0.7,1,5.5,3.7,12.4,15.1,11.5,20.7,2.5,Inf,stream
str_MHK,0.01,0.8,0.7,1,5.5,3.7,12.4,15.1,11.5,20.7,2.5,Inf,stream
str_MIL,0.05,0.8,0.7,1,1.9,1.5,2.5,Inf,Inf,Inf,23.6,Inf,stream
str_MIL,0.02,0.8,0.7,1,3.2,2.5,4.6,16.9,13.7,21.2,6.5,104.8,stream
str_MIL,0.01,0.8,0.7,1,4.6,3.5,6.7,14.6,12.8,16.9,5.1,80.5,stream
str_MOH,0.05,1.2,1,1.5,9.6,5.9,30.9,Inf,Inf,Inf,9.3,Inf,stream
str_MOH,0.02,1.2,1,1.5,9.6,5.9,30.9,Inf,Inf,Inf,9.3,Inf,stream
str_MOH,0.01,1.2,1,1.5,9.6,5.9,30.9,Inf,Inf,Inf,9.3,Inf,stream
str_MPH,0.05,2.6,1.8,3.4,3.1,2.5,4.4,Inf,Inf,Inf,3.1,Inf,stream
str_MPH,0.02,2.6,1.8,3.4,3.2,2.5,4.4,Inf,Inf,Inf,3.2,Inf,stream
str_MPH,0.01,2.6,1.8,3.4,3.2,2.5,4.4,Inf,Inf,Inf,3.2,Inf,stream
str_MRB,0.05,2.5,1.8,3.3,9.9,4.5,Inf,Inf,Inf,Inf,Inf,Inf,stream
str_MRB,0.02,2.5,1.8,3.3,9.9,4.5,Inf,Inf,Inf,Inf,Inf,Inf,stream
str_MRB,0.01,2.5,1.8,3.3,9.9,4.5,Inf,Inf,Inf,Inf,Inf,Inf,stream
str_MRV,0.05,7.5,3.2,13.5,4.3,2.7,12,Inf,Inf,Inf,Inf,Inf,stream
str_MRV,0.02,7.5,3.2,13.5,4.3,2.7,12,Inf,Inf,Inf,Inf,Inf,stream
str_MRV,0.01,7.5,3.2,13.5,4.3,2.7,12,Inf,Inf,Inf,Inf,Inf,stream
str_MSQ,0.05,Inf,Inf,Inf,3.2,2.1,7,Inf,Inf,Inf,0.2,Inf,stream
str_MSQ,0.02,Inf,Inf,Inf,3.2,2.1,7,Inf,Inf,Inf,0.2,Inf,stream
str_MSQ,0.01,Inf,Inf,Inf,3.2,2.1,7,Inf,Inf,Inf,0.2,Inf,stream
str_MUR,0.05,1.5,1,2,2.9,2.2,4.7,Inf,Inf,Inf,28.9,Inf,stream
str_MUR,0.02,1.5,1,2,3.9,2.9,6.5,Inf,76.9,Inf,1.6,Inf,stream
str_MUR,0.01,1.5,1,2,3.9,2.9,6.5,Inf,76.9,Inf,1.6,Inf,stream
str_NFB,0.05,14.3,1,44.5,5.1,2.9,31.4,Inf,Inf,Inf,Inf,Inf,stream
str_NFB,0.02,14.3,1,44.5,5.1,2.9,31.4,Inf,Inf,Inf,Inf,Inf,stream
str_NFB,0.01,14.3,1,44.5,5.1,2.9,31.4,Inf,Inf,Inf,Inf,Inf,stream
str_NFC,0.05,2.8,1.4,4.5,2.9,1.9,7.4,Inf,Inf,Inf,4.4,Inf,stream
str_NFC,0.02,2.8,1.4,4.5,5.5,3.4,15.4,Inf,Inf,Inf,20.6,Inf,stream
str_NFC,0.01,2.8,1.4,4.5,5.5,3.4,15.4,Inf,Inf,Inf,20.6,Inf,stream
str_NFG,0.05,3,1.5,5,3.1,2.2,5.7,Inf,Inf,Inf,Inf,Inf,stream
str_NFG,0.02,3,1.5,5,3.1,2.2,5.7,Inf,Inf,Inf,Inf,Inf,stream
str_NFG,0.01,3,1.5,5,3.1,2.2,5.7,Inf,Inf,Inf,Inf,Inf,stream
str_OHR,0.05,Inf,Inf,Inf,Inf,Inf,Inf,Inf,Inf,Inf,Inf,Inf,stream
str_OHR,0.02,Inf,Inf,Inf,Inf,Inf,Inf,Inf,Inf,Inf,Inf,Inf,stream
str_OHR,0.01,Inf,Inf,Inf,Inf,Inf,Inf,Inf,Inf,Inf,Inf,Inf,stream
str_PEC,0.05,2.4,1.8,3.2,4.2,2.8,9.1,Inf,Inf,Inf,73.4,Inf,stream
str_PEC,0.02,2.4,1.8,3.2,8.4,5.5,19.4,124.7,56.8,Inf,23.2,Inf,stream
str_PEC,0.01,2.4,1.8,3.2,8.4,5.5,19.4,124.7,56.8,Inf,23.2,Inf,stream
str_PKC,0.05,Inf,Inf,Inf,3.1,2.1,6.7,Inf,Inf,Inf,Inf,Inf,stream
str_PKC,0.02,Inf,Inf,Inf,3.1,2.1,6.7,Inf,Inf,Inf,Inf,Inf,stream
str_PKC,0.01,Inf,Inf,Inf,3.1,2.1,6.7,Inf,Inf,Inf,Inf,Inf,stream
str_POI,0.05,1.4,1.2,1.7,5.4,3.7,10.5,Inf,Inf,Inf,3.1,Inf,stream
str_POI,0.02,1.4,1.2,1.7,7.7,5.2,15.6,71.5,31.8,Inf,6,Inf,stream
str_POI,0.01,1.4,1.2,1.7,7.7,5.2,15.6,71.5,31.8,Inf,6,Inf,stream
str_POL,0.05,2,1.6,2.4,5,3.7,7.6,Inf,78.7,Inf,2.2,Inf,stream
str_POL,0.02,2,1.6,2.4,6.4,4.7,10.1,73.8,30.6,Inf,3,Inf,stream
str_POL,0.01,2,1.6,2.4,6.4,4.7,10.1,73.8,30.6,Inf,3,Inf,stream
str_ROC,0.05,1.8,1.2,2.4,6.2,3.9,17.4,Inf,114.8,Inf,25.8,Inf,stream
str_ROC,0.02,1.8,1.2,2.4,10.9,6.2,56.8,462.9,104,Inf,38.6,Inf,stream
str_ROC,0.01,1.8,1.2,2.4,10.9,6.2,56.8,462.9,104,Inf,38.6,Inf,stream
str_SEC,0.05,Inf,Inf,Inf,5.1,3.1,16.2,Inf,Inf,Inf,Inf,Inf,stream
str_SEC,0.02,Inf,Inf,Inf,5.1,3.1,16.2,Inf,Inf,Inf,Inf,Inf,stream
str_SEC,0.01,Inf,Inf,Inf,5.1,3.1,16.2,Inf,Inf,Inf,Inf,Inf,stream
str_SHE,0.05,Inf,Inf,Inf,4,2.8,7.1,Inf,Inf,Inf,1,Inf,stream
str_SHE,0.02,Inf,Inf,Inf,4,2.8,7.1,Inf,Inf,Inf,1,Inf,stream
str_SHE,0.01,Inf,Inf,Inf,4,2.8,7.1,Inf,Inf,Inf,1,Inf,stream
str_SIL,0.05,1244.8,1.2,6248.9,5.8,3.5,19.9,Inf,Inf,Inf,Inf,Inf,stream
str_SIL,0.02,1244.8,1.2,6248.9,5.8,3.5,19.9,Inf,Inf,Inf,Inf,Inf,stream
str_SIL,0.01,1244.8,1.2,6248.9,5.8,3.5,19.9,Inf,Inf,Inf,Inf,Inf,stream
str_SLK,0.05,1.7,1.3,2.2,3.1,2.4,4.2,Inf,Inf,Inf,24,Inf,stream
str_SLK,0.02,1.7,1.3,2.2,3.8,3,5.3,Inf,Inf,Inf,2.2,Inf,stream
str_SLK,0.01,1.7,1.3,2.2,3.8,3,5.3,Inf,Inf,Inf,2.2,Inf,stream
str_SNO,0.05,2.9,1.9,4.2,5.3,3.3,15,Inf,Inf,Inf,12.1,Inf,stream
str_SNO,0.02,2.9,1.9,4.2,5.3,3.3,15,Inf,Inf,Inf,12.1,Inf,stream
str_SNO,0.01,2.9,1.9,4.2,5.3,3.3,15,Inf,Inf,Inf,12.1,Inf,stream
str_TCR,0.05,1.1,0.8,1.4,4.4,3,9.1,Inf,Inf,Inf,265.7,Inf,stream
str_TCR,0.02,1.1,0.8,1.4,7.5,5,15.9,Inf,Inf,Inf,30.4,Inf,stream
str_TCR,0.01,1.1,0.8,1.4,7.5,5,15.9,Inf,Inf,Inf,30.4,Inf,stream
str_TNY,0.05,3.2,2.4,4.1,8.1,4.9,25.1,Inf,Inf,Inf,2.1,Inf,stream
str_TNY,0.02,3.2,2.4,4.1,9.1,5.6,28.6,Inf,Inf,Inf,2.5,Inf,stream
str_TNY,0.01,3.2,2.4,4.1,9.1,5.6,28.6,Inf,Inf,Inf,2.5,Inf,stream
str_TOJ,0.05,1.7,1.2,2.3,3.9,2.8,6.7,Inf,Inf,Inf,Inf,Inf,stream
str_TOJ,0.02,1.7,1.2,2.3,5.4,3.8,9.5,Inf,1326.3,Inf,38.9,Inf,stream
str_TOJ,0.01,1.7,1.2,2.3,5.4,3.8,9.5,Inf,1326.3,Inf,38.9,Inf,stream
str_TRB,0.05,1.9,1.5,2.5,3.4,2.6,4.9,Inf,Inf,Inf,5.8,Inf,stream
str_TRB,0.02,1.9,1.5,2.5,3.4,2.6,4.9,Inf,Inf,Inf,5.8,Inf,stream
str_TRB,0.01,1.9,1.5,2.5,3.4,2.6,4.9,Inf,Inf,Inf,5.8,Inf,stream
str_UNK,0.05,Inf,Inf,Inf,Inf,Inf,Inf,Inf,Inf,Inf,Inf,Inf,stream
str_UNK,0.02,Inf,Inf,Inf,Inf,Inf,Inf,Inf,Inf,Inf,Inf,Inf,stream
str_UNK,0.01,Inf,Inf,Inf,Inf,Inf,Inf,Inf,Inf,Inf,Inf,Inf,stream
str_UWF,0.05,10.2,6,15.4,4,3.2,5.4,Inf,Inf,Inf,Inf,Inf,stream
str_UWF,0.02,10.2,6,15.4,4,3.2,5.4,Inf,Inf,Inf,Inf,Inf,stream
str_UWF,0.01,10.2,6,15.4,4,3.2,5.4,Inf,Inf,Inf,Inf,Inf,stream
str_WAC,0.05,1.5,1,2,4.1,2.7,9.3,Inf,156.6,Inf,21.1,Inf,stream
str_WAC,0.02,1.5,1,2,9.8,6.3,23.6,Inf,Inf,Inf,27.9,Inf,stream
str_WAC,0.01,1.5,1,2,9.8,6.3,23.6,Inf,Inf,Inf,27.9,Inf,stream
str_WHO,0.05,5.5,2,10.8,4.6,3.2,9.2,Inf,Inf,Inf,Inf,Inf,stream
str_WHO,0.02,5.5,2,10.8,4.6,3.2,9.2,Inf,Inf,Inf,Inf,Inf,stream
str_WHO,0.01,5.5,2,10.8,4.6,3.2,9.2,Inf,Inf,Inf,Inf,Inf,stream
str_WIC,0.05,1.8,1.4,2.4,3.1,2.4,4.8,Inf,92,Inf,21.9,Inf,stream
str_WIC,0.02,1.8,1.4,2.4,5.7,4.2,9.1,78.1,50.9,156.3,16.4,Inf,stream
str_WIC,0.01,1.8,1.4,2.4,5.9,4.3,9.4,40.5,31.3,55.9,12.2,Inf,stream
str_WIL,0.05,4,2.2,6.4,4.9,3.2,12.1,Inf,Inf,Inf,Inf,Inf,stream
str_WIL,0.02,4,2.2,6.4,4.9,3.2,12.1,Inf,Inf,Inf,Inf,Inf,stream
str_WIL,0.01,4,2.2,6.4,4.9,3.2,12.1,Inf,Inf,Inf,Inf,Inf,stream
str_WLN,0.05,1.7,1.1,2.4,3.7,2.7,6.2,Inf,Inf,Inf,Inf,Inf,stream
str_WLN,0.02,1.7,1.1,2.4,6,4.3,10.4,Inf,Inf,Inf,Inf,Inf,stream
str_WLN,0.01,1.7,1.1,2.4,6,4.3,10.4,Inf,Inf,Inf,Inf,Inf,stream
str_WMR,0.05,2.4,1.7,3.2,20.9,5.1,Inf,Inf,Inf,Inf,3,Inf,stream
str_WMR,0.02,2.4,1.7,3.2,20.9,5.1,Inf,Inf,Inf,Inf,3,Inf,stream
str_WMR,0.01,2.4,1.7,3.2,20.9,5.1,Inf,Inf,Inf,Inf,3,Inf,stream
CAR,0.05,0.8,0.7,0.9,5.9,3.4,26.1,13.4,11.7,15.3,5.8,30.9,watershed
CAR,0.02,0.8,0.7,0.9,7.9,4.5,39.9,18.2,16.2,20.5,9.8,38.3,watershed
CAR,0.01,0.8,0.7,0.9,13.8,7.8,75.2,18.9,17.7,20.2,10,40.7,watershed
EFH,0.05,2.8,1.4,4.5,2.9,1.9,7.4,Inf,Inf,Inf,4.4,Inf,watershed
EFH,0.02,2.8,1.4,4.5,5.5,3.4,15.4,Inf,Inf,Inf,20.6,Inf,watershed
EFH,0.01,2.8,1.4,4.5,5.5,3.4,15.4,Inf,Inf,Inf,20.6,Inf,watershed
LHU,0.05,1.2,1,1.5,8.2,4.5,83.2,Inf,Inf,Inf,4.4,Inf,watershed
LHU,0.02,1.2,1,1.5,14.2,7.6,201.4,Inf,113.9,Inf,6.1,Inf,watershed
LHU,0.01,1.2,1,1.5,14.2,7.6,201.4,Inf,113.9,Inf,6.1,Inf,watershed
LTR,0.05,1.9,1.3,2.6,8.3,4.7,47.5,Inf,Inf,Inf,Inf,Inf,watershed
LTR,0.02,1.9,1.3,2.6,8.3,4.7,47.5,Inf,Inf,Inf,Inf,Inf,watershed
LTR,0.01,1.9,1.3,2.6,8.3,4.7,47.5,Inf,Inf,Inf,Inf,Inf,watershed
MAG,0.05,0.7,0.7,0.8,11.7,5.6,Inf,67.2,50.9,95.5,26.1,Inf,watershed
MAG,0.02,0.7,0.7,0.8,17.7,8.3,Inf,74.4,59.9,96.5,28.1,Inf,watershed
MAG,0.01,0.7,0.7,0.8,29.6,13.8,Inf,18.2,17.2,19.3,10.1,36.6,watershed
MAR,0.05,0.9,0.7,1,11,5.2,Inf,27.7,25,30.7,17.2,47.2,watershed
MAR,0.02,0.9,0.7,1,13.2,6.6,Inf,37.7,34.7,41.1,24.4,63.1,watershed
MAR,0.01,0.9,0.7,1,17.4,9,1792.6,53.7,49.8,58,32,107.3,watershed
MCD,0.05,0.7,0.7,0.8,6.3,3.9,20,2.4,2.1,2.8,0.3,Inf,watershed
MCD,0.02,0.7,0.7,0.8,13.2,8,43.7,1.4,1.4,1.5,0.9,2.3,watershed
MCD,0.01,0.7,0.7,0.8,13.2,8,43.7,1.4,1.4,1.5,0.9,2.3,watershed
NFH,0.05,0.7,0.7,0.7,5.5,4,9.4,48.2,33.5,80.8,10,Inf,watershed
NFH,0.02,0.7,0.7,0.7,9.4,6.7,16.1,19,16.7,21.8,5.9,Inf,watershed
NFH,0.01,0.7,0.7,0.7,12.6,8.9,22.2,12.3,11.3,13.4,5.1,38.2,watershed
OOB,0.05,Inf,Inf,Inf,Inf,Inf,Inf,Inf,Inf,Inf,Inf,Inf,watershed
OOB,0.02,Inf,Inf,Inf,Inf,Inf,Inf,Inf,Inf,Inf,Inf,Inf,watershed
OOB,0.01,Inf,Inf,Inf,Inf,Inf,Inf,Inf,Inf,Inf,Inf,Inf,watershed
PPT,0.05,6.1,3.6,9.3,5.7,4,10.1,Inf,Inf,Inf,12.3,Inf,watershed
PPT,0.02,6.1,3.6,9.3,5.8,4.1,10.4,Inf,Inf,Inf,11.8,Inf,watershed
PPT,0.01,6.1,3.6,9.3,5.8,4.1,10.4,Inf,Inf,Inf,11.8,Inf,watershed
QUI,0.05,0.6,0.6,0.6,Inf,Inf,Inf,2.8,2.6,2.9,2.1,3.7,watershed
QUI,0.02,0.6,0.6,0.6,Inf,Inf,Inf,3.3,3.2,3.4,2.5,5.4,watershed
QUI,0.01,0.6,0.6,0.6,Inf,Inf,Inf,4.1,4,4.4,3.2,7.8,watershed
REE,0.05,1.2,1,1.4,Inf,Inf,Inf,1.4,1.3,1.5,1.1,1.7,watershed
REE,0.02,1.2,1,1.4,Inf,Inf,Inf,2.2,2,2.3,1.7,2.8,watershed
REE,0.01,1.2,1,1.4,Inf,Inf,Inf,3.8,3.6,4,2.8,7.2,watershed
ROC,0.05,0.7,0.6,0.8,6.1,3.9,16.3,103.3,79.6,142.6,50.1,575.5,watershed
ROC,0.02,0.7,0.6,0.8,8.7,5.2,31.6,129.6,101.8,174.6,62.9,895.6,watershed
ROC,0.01,0.7,0.6,0.8,11.3,6.2,87.4,121.4,99.4,153.6,62.9,505.1,watershed
SFH,0.05,1.1,1,1.3,Inf,Inf,Inf,3.9,3.7,4.7,2.8,8.7,watershed
SFH,0.02,1.1,1,1.3,Inf,Inf,Inf,10,9.3,10.7,5.9,15.6,watershed
SFH,0.01,1.1,1,1.3,Inf,Inf,Inf,19.9,18.9,21,13.1,31.9,watershed
SFL,0.05,1.1,0.9,1.4,3.7,2.7,5.9,Inf,Inf,Inf,69.4,Inf,watershed
SFL,0.02,1.1,0.9,1.4,6.1,4.4,10.2,41.4,32,57,12.4,Inf,watershed
SFL,0.01,1.1,0.9,1.4,6.1,4.4,10.2,41.4,32,57,12.4,Inf,watershed
STE,0.05,1.7,1.2,2.4,3.5,1.9,70.1,Inf,Inf,Inf,23.4,Inf,watershed
STE,0.02,1.7,1.2,2.4,8.3,4.4,313.4,171.1,55.6,Inf,17.3,Inf,watershed
STE,0.01,1.7,1.2,2.4,8.3,4.4,313.4,171.1,55.6,Inf,17.3,Inf,watershed
SUM,0.05,1.2,1,1.5,9.6,5.9,30.9,Inf,Inf,Inf,9.3,Inf,watershed
SUM,0.02,1.2,1,1.5,9.6,5.9,30.9,Inf,Inf,Inf,9.3,Inf,watershed
SUM,0.01,1.2,1,1.5,9.6,5.9,30.9,Inf,Inf,Inf,9.3,Inf,watershed
TRU,0.05,2,1.6,2.4,5,3.7,7.6,Inf,78.7,Inf,2.2,Inf,watershed
TRU,0.02,2,1.6,2.4,6.4,4.7,10.1,73.8,30.6,Inf,3,Inf,watershed
TRU,0.01,2,1.6,2.4,6.4,4.7,10.1,73.8,30.6,Inf,3,Inf,watershed
UNK,0.05,Inf,Inf,Inf,Inf,Inf,Inf,Inf,Inf,Inf,Inf,Inf,watershed
UNK,0.02,Inf,Inf,Inf,Inf,Inf,Inf,Inf,Inf,Inf,Inf,Inf,watershed
UNK,0.01,Inf,Inf,Inf,Inf,Inf,Inf,Inf,Inf,Inf,Inf,Inf,watershed
UPT,0.05,1.2,1,1.6,6.7,4,29,Inf,129.9,Inf,11.2,Inf,watershed
UPT,0.02,1.2,1,1.6,11.5,6.7,51.5,Inf,Inf,Inf,13.2,Inf,watershed
UPT,0.01,1.2,1,1.6,11.5,6.7,51.5,Inf,Inf,Inf,13.2,Inf,watershed
WAL,0.05,0.6,0.6,0.6,2.3,1.9,3,38.9,30.2,52.3,17.9,181.1,watershed
WAL,0.02,0.6,0.6,0.6,4.3,3.5,5.7,6.7,6.1,7.3,3,12,watershed
WAL,0.01,0.6,0.6,0.6,6.9,5.6,9.4,3.3,3.2,3.3,2.5,5.2,watershed
WWH,0.05,1.2,0.9,1.6,5.2,3.2,16.6,Inf,Inf,Inf,11.1,Inf,watershed
WWH,0.02,1.2,0.9,1.6,7.6,4.6,26.2,Inf,Inf,Inf,11,Inf,watershed
WWH,0.01,1.2,0.9,1.6,7.6,4.6,26.2,Inf,Inf,Inf,11,Inf,watershed
YUB,0.05,1.9,1.3,2.7,4.3,3.1,7.8,Inf,247.8,Inf,13.4,Inf,watershed
YUB,0.02,1.9,1.3,2.7,5.9,4.1,11,Inf,108.4,Inf,15,Inf,watershed
YUB,0.01,1.9,1.3,2.7,5.9,4.1,11,Inf,108.4,Inf,15,Inf,watershed
str_2BO.2016,0.05,2.5,1.6,3.5,4.9,3.5,8.6,Inf,Inf,Inf,2.7,Inf,stream.year
str_2BO.2016,0.02,2.5,1.6,3.5,4.9,3.5,8.6,Inf,Inf,Inf,2.7,Inf,stream.year
str_2BO.2016,0.01,2.5,1.6,3.5,4.9,3.5,8.6,Inf,Inf,Inf,2.7,Inf,stream.year
str_4BO.2016,0.05,3.2,2.1,4.5,4.2,3.2,6.5,Inf,Inf,Inf,2.7,Inf,stream.year
str_4BO.2016,0.02,3.2,2.1,4.5,4.2,3.2,6.5,Inf,Inf,Inf,2.7,Inf,stream.year
str_4BO.2016,0.01,3.2,2.1,4.5,4.2,3.2,6.5,Inf,Inf,Inf,2.7,Inf,stream.year
str_ABE.2016,0.05,1.1,0.9,1.4,4.4,3.3,6.7,Inf,Inf,Inf,8.8,Inf,stream.year
str_ABE.2016,0.02,1.1,0.9,1.4,6.5,4.8,10.4,Inf,Inf,Inf,6.1,Inf,stream.year
str_ABE.2016,0.01,1.1,0.9,1.4,6.5,4.8,10.4,Inf,Inf,Inf,6.1,Inf,stream.year
str_AND.2016,0.05,5.7,2.9,9.4,9.9,4.1,Inf,Inf,Inf,Inf,Inf,Inf,stream.year
str_AND.2016,0.02,5.7,2.9,9.4,9.9,4.1,Inf,Inf,Inf,Inf,Inf,Inf,stream.year
str_AND.2016,0.01,5.7,2.9,9.4,9.9,4.1,Inf,Inf,Inf,Inf,Inf,Inf,stream.year
str_BAT.2013,0.05,2.9,1.8,4.1,3.5,2.7,5.5,Inf,Inf,Inf,3.6,Inf,stream.year
str_BAT.2013,0.02,2.9,1.8,4.1,3.5,2.7,5.5,Inf,Inf,Inf,3.6,Inf,stream.year
str_BAT.2013,0.01,2.9,1.8,4.1,3.5,2.7,5.5,Inf,Inf,Inf,3.6,Inf,stream.year
str_BEA.2009,0.05,1.1,0.9,1.3,6.6,4.4,13.6,3.2,2.7,5,0.8,Inf,stream.year
str_BEA.2009,0.02,1.1,0.9,1.3,6.6,4.4,13.6,3.2,2.7,5,0.8,Inf,stream.year
str_BEA.2009,0.01,1.1,0.9,1.3,6.6,4.4,13.6,3.2,2.7,5,0.8,Inf,stream.year
str_BEA.2015,0.05,3.7,2.5,5.1,4.7,3.4,8,Inf,Inf,Inf,2.9,Inf,stream.year
str_BEA.2015,0.02,3.7,2.5,5.1,4.7,3.4,8.1,Inf,Inf,Inf,2.8,Inf,stream.year
str_BEA.2015,0.01,3.7,2.5,5.1,4.7,3.4,8.1,Inf,Inf,Inf,2.8,Inf,stream.year
str_BGA.2000,0.05,Inf,Inf,Inf,2.7,1.7,7.7,Inf,Inf,Inf,0.8,Inf,stream.year
str_BGA.2000,0.02,Inf,Inf,Inf,2.7,1.7,7.7,Inf,Inf,Inf,0.8,Inf,stream.year
str_BGA.2000,0.01,Inf,Inf,Inf,2.7,1.7,7.7,Inf,Inf,Inf,0.8,Inf,stream.year
str_BYD.2015,0.05,1.3,1.1,1.5,4.2,3.5,5.3,Inf,Inf,Inf,4.9,Inf,stream.year
str_BYD.2015,0.02,1.3,1.1,1.5,5.1,4.2,6.6,Inf,Inf,Inf,3.1,Inf,stream.year
str_BYD.2015,0.01,1.3,1.1,1.5,5.1,4.2,6.6,Inf,Inf,Inf,3.1,Inf,stream.year
str_CCC.2017,0.05,1.5,1.2,1.9,5.5,3.5,14.7,Inf,Inf,Inf,1.6,Inf,stream.year
str_CCC.2017,0.02,1.5,1.2,1.9,5.5,3.5,14.7,Inf,Inf,Inf,1.6,Inf,stream.year
str_CCC.2017,0.01,1.5,1.2,1.9,5.5,3.5,14.7,Inf,Inf,Inf,1.6,Inf,stream.year
str_CMC.2016,0.05,1.3,1,1.6,5.2,3.8,8.4,65.9,15.8,Inf,1.4,Inf,stream.year
str_CMC.2016,0.02,1.3,1,1.6,6,4.3,9.8,21.4,10.6,109.8,1.5,Inf,stream.year
str_CMC.2016,0.01,1.3,1,1.6,6,4.3,9.8,21.4,10.6,109.8,1.5,Inf,stream.year
str_COY.2009,0.05,2.1,1.6,2.6,6.1,4.1,12.6,46.2,17.6,Inf,1.3,Inf,stream.year
str_COY.2009,0.02,2.1,1.6,2.6,6.1,4.1,12.6,46.2,17.6,Inf,1.3,Inf,stream.year
str_COY.2009,0.01,2.1,1.6,2.6,6.1,4.1,12.6,46.2,17.6,Inf,1.3,Inf,stream.year
str_COY.2015,0.05,2.7,2,3.6,Inf,8.3,Inf,Inf,Inf,Inf,3.2,Inf,stream.year
str_COY.2015,0.02,2.7,2,3.6,Inf,10.1,Inf,Inf,Inf,Inf,4.9,Inf,stream.year
str_COY.2015,0.01,2.7,2,3.6,Inf,10.1,Inf,Inf,Inf,Inf,4.9,Inf,stream.year
str_CRA.2009,0.05,0.7,0.6,0.8,1.5,1.2,2.3,Inf,Inf,Inf,2.9,Inf,stream.year
str_CRA.2009,0.02,0.7,0.6,0.8,3.8,2.6,7.2,6.2,4.2,8.4,1.9,36.8,stream.year
str_CRA.2009,0.01,0.7,0.6,0.8,3.8,2.6,7.2,6.2,4.2,8.4,1.9,36.8,stream.year
str_CWC.2000,0.05,1.8,1.2,2.4,4.6,2.8,14.5,Inf,Inf,Inf,Inf,Inf,stream.year
str_CWC.2000,0.02,1.8,1.2,2.4,4.6,2.8,14.5,Inf,Inf,Inf,Inf,Inf,stream.year
str_CWC.2000,0.01,1.8,1.2,2.4,4.6,2.8,14.5,Inf,Inf,Inf,Inf,Inf,stream.year
str_DIX.2011,0.05,7.8,4.8,11.5,2.4,1.9,3.3,Inf,Inf,Inf,Inf,Inf,stream.year
str_DIX.2011,0.02,7.8,4.8,11.5,2.4,1.9,3.3,Inf,Inf,Inf,Inf,Inf,stream.year
str_DIX.2011,0.01,7.8,4.8,11.5,2.4,1.9,3.3,Inf,Inf,Inf,Inf,Inf,stream.year
str_DIX.2014,0.05,Inf,Inf,Inf,3.9,2.8,7.2,Inf,Inf,Inf,0,Inf,stream.year
str_DIX.2014,0.02,Inf,Inf,Inf,3.9,2.8,7.2,Inf,Inf,Inf,0,Inf,stream.year
str_DIX.2014,0.01,Inf,Inf,Inf,3.9,2.8,7.2,Inf,Inf,Inf,0,Inf,stream.year
str_EFC.2017,0.05,3.1,2.1,4.2,4,2.8,7.5,Inf,Inf,Inf,Inf,Inf,stream.year
str_EFC.2017,0.02,3.1,2.1,4.2,4,2.8,7.5,Inf,Inf,Inf,Inf,Inf,stream.year
str_EFC.2017,0.01,3.1,2.1,4.2,4,2.8,7.5,Inf,Inf,Inf,Inf,Inf,stream.year
str_FCC.2017,0.05,6.1,4.1,8.4,11.6,6.4,82,Inf,Inf,Inf,Inf,Inf,stream.year
str_FCC.2017,0.02,6.1,4.1,8.4,11.6,6.4,82,Inf,Inf,Inf,Inf,Inf,stream.year
str_FCC.2017,0.01,6.1,4.1,8.4,11.6,6.4,82,Inf,Inf,Inf,Inf,Inf,stream.year
str_FOR.1997,0.05,3.2,2.4,4.1,9.8,5.4,70.5,Inf,Inf,Inf,1.3,Inf,stream.year
str_FOR.1997,0.02,3.2,2.4,4.1,9.8,5.4,70.5,Inf,Inf,Inf,1.3,Inf,stream.year
str_FOR.1997,0.01,3.2,2.4,4.1,9.8,5.4,70.5,Inf,Inf,Inf,1.3,Inf,stream.year
str_FOR.2017,0.05,2.1,1.7,2.6,6,4.3,10,Inf,Inf,Inf,2.8,Inf,stream.year
str_FOR.2017,0.02,2.1,1.7,2.6,6.6,4.7,11.2,Inf,Inf,Inf,2.8,Inf,stream.year
str_FOR.2017,0.01,2.1,1.7,2.6,6.6,4.7,11.2,Inf,Inf,Inf,2.8,Inf,stream.year
str_FRZ.1997,0.05,25,8.7,49.9,3.8,2.5,8.3,Inf,Inf,Inf,Inf,Inf,stream.year
str_FRZ.1997,0.02,25,8.7,49.9,3.8,2.5,8.3,Inf,Inf,Inf,Inf,Inf,stream.year
str_FRZ.1997,0.01,25,8.7,49.9,3.8,2.5,8.3,Inf,Inf,Inf,Inf,Inf,stream.year
str_FRZ.2000,0.05,11,3.3,23.2,5,3.4,10,Inf,Inf,Inf,Inf,Inf,stream.year
str_FRZ.2000,0.02,11,3.3,23.2,5,3.4,10,Inf,Inf,Inf,Inf,Inf,stream.year
str_FRZ.2000,0.01,11,3.3,23.2,5,3.4,10,Inf,Inf,Inf,Inf,Inf,stream.year
str_FRZ.2017,0.05,3.4,2.1,5,4.1,2.8,8.6,Inf,Inf,Inf,5.3,Inf,stream.year
str_FRZ.2017,0.02,3.4,2.1,5,5.3,3.5,11.2,Inf,Inf,Inf,7.3,Inf,stream.year
str_FRZ.2017,0.01,3.4,2.1,5,5.3,3.5,11.2,Inf,Inf,Inf,7.3,Inf,stream.year
str_GAN.2000,0.05,37.3,4.5,103.7,5.3,3.4,13.3,Inf,Inf,Inf,Inf,Inf,stream.year
str_GAN.2000,0.02,37.3,4.5,103.7,5.3,3.4,13.3,Inf,Inf,Inf,Inf,Inf,stream.year
str_GAN.2000,0.01,37.3,4.5,103.7,5.3,3.4,13.3,Inf,Inf,Inf,Inf,Inf,stream.year
str_GAN.2017,0.05,1.5,1.1,2,4.4,3.1,8.3,Inf,Inf,Inf,15.6,Inf,stream.year
str_GAN.2017,0.02,1.5,1.1,2,6.7,4.6,12.9,46.2,28.1,110.9,2.8,Inf,stream.year
str_GAN.2017,0.01,1.5,1.1,2,6.7,4.6,12.9,46.2,28.1,110.9,2.8,Inf,stream.year
str_GOC.2017,0.05,2.6,1.8,3.7,3.3,2.4,5.3,8.2,5.9,11.6,1.6,Inf,stream.year
str_GOC.2017,0.02,2.6,1.8,3.7,3.3,2.4,5.3,8.2,5.9,11.6,1.6,Inf,stream.year
str_GOC.2017,0.01,2.6,1.8,3.7,3.3,2.4,5.3,8.2,5.9,11.6,1.6,Inf,stream.year
str_HAN.2012,0.05,3,2.2,4.1,3.2,2.5,4.5,Inf,Inf,Inf,19.5,Inf,stream.year
str_HAN.2012,0.02,3,2.2,4.1,4.6,3.6,6.7,Inf,Inf,Inf,6.8,Inf,stream.year
str_HAN.2012,0.01,3,2.2,4.1,4.6,3.6,6.7,Inf,Inf,Inf,6.8,Inf,stream.year
str_INC.1998,0.05,Inf,Inf,Inf,Inf,Inf,Inf,Inf,Inf,Inf,Inf,Inf,stream.year
str_INC.1998,0.02,Inf,Inf,Inf,Inf,Inf,Inf,Inf,Inf,Inf,Inf,Inf,stream.year
str_INC.1998,0.01,Inf,Inf,Inf,Inf,Inf,Inf,Inf,Inf,Inf,Inf,Inf,stream.year
str_INK.2000,0.05,Inf,Inf,Inf,7.7,3.4,Inf,Inf,Inf,Inf,Inf,Inf,stream.year
str_INK.2000,0.02,Inf,Inf,Inf,7.7,3.4,Inf,Inf,Inf,Inf,Inf,Inf,stream.year
str_INK.2000,0.01,Inf,Inf,Inf,7.7,3.4,Inf,Inf,Inf,Inf,Inf,Inf,stream.year
str_INK.2013,0.05,Inf,Inf,Inf,9.5,2.8,Inf,Inf,Inf,Inf,Inf,Inf,stream.year
str_INK.2013,0.02,Inf,Inf,Inf,9.5,2.8,Inf,Inf,Inf,Inf,Inf,Inf,stream.year
str_INK.2013,0.01,Inf,Inf,Inf,9.5,2.8,Inf,Inf,Inf,Inf,Inf,Inf,stream.year
str_INK.2016,0.05,Inf,Inf,Inf,6.8,3.8,48.5,Inf,Inf,Inf,Inf,Inf,stream.year
str_INK.2016,0.02,Inf,Inf,Inf,6.8,3.8,48.5,Inf,Inf,Inf,Inf,Inf,stream.year
str_INK.2016,0.01,Inf,Inf,Inf,6.8,3.8,48.5,Inf,Inf,Inf,Inf,Inf,stream.year
str_IPL.2016,0.05,1.9,1.3,2.6,8.3,4.7,47.5,Inf,Inf,Inf,Inf,Inf,stream.year
str_IPL.2016,0.02,1.9,1.3,2.6,8.3,4.7,47.5,Inf,Inf,Inf,Inf,Inf,stream.year
str_IPL.2016,0.01,1.9,1.3,2.6,8.3,4.7,47.5,Inf,Inf,Inf,Inf,Inf,stream.year
str_JCC.2017,0.05,1.7,1.5,1.9,134.5,11.4,Inf,22.7,16.5,34.3,1.7,Inf,stream.year
str_JCC.2017,0.02,1.7,1.5,1.9,142,12,Inf,19.9,15.1,28.1,1.8,Inf,stream.year
str_JCC.2017,0.01,1.7,1.5,1.9,142,12,Inf,19.9,15.1,28.1,1.8,Inf,stream.year
str_LEE.2016,0.05,5.3,3.1,8.2,41.7,7,Inf,Inf,Inf,Inf,Inf,Inf,stream.year
str_LEE.2016,0.02,5.3,3.1,8.2,41.7,7,Inf,Inf,Inf,Inf,Inf,Inf,stream.year
str_LEE.2016,0.01,5.3,3.1,8.2,41.7,7,Inf,Inf,Inf,Inf,Inf,Inf,stream.year
str_LIN.2000,0.05,16.4,1.2,51,3.6,2.6,6.1,Inf,Inf,Inf,19.8,Inf,stream.year
str_LIN.2000,0.02,16.4,1.2,51,3.6,2.6,6.1,Inf,Inf,Inf,19.8,Inf,stream.year
str_LIN.2000,0.01,16.4,1.2,51,3.6,2.6,6.1,Inf,Inf,Inf,19.8,Inf,stream.year
str_LIN.2017,0.05,5.4,3.8,7.2,9.1,5.2,51.9,Inf,Inf,Inf,Inf,Inf,stream.year
str_LIN.2017,0.02,5.4,3.8,7.2,9.1,5.2,51.9,Inf,Inf,Inf,Inf,Inf,stream.year
str_LIN.2017,0.01,5.4,3.8,7.2,9.1,5.2,51.9,Inf,Inf,Inf,Inf,Inf,stream.year
str_LJK.2009,0.05,2.2,1.8,2.8,7.9,5.6,14,Inf,Inf,Inf,2,Inf,stream.year
str_LJK.2009,0.02,2.2,1.8,2.8,8.3,5.8,14.8,Inf,Inf,Inf,2.4,Inf,stream.year
str_LJK.2009,0.01,2.2,1.8,2.8,8.3,5.8,14.8,Inf,Inf,Inf,2.4,Inf,stream.year
str_LJK.2015,0.05,32.3,11.2,64.3,5.9,3.9,13.3,Inf,Inf,Inf,Inf,Inf,stream.year
str_LJK.2015,0.02,32.3,11.2,64.3,5.9,3.9,13.3,Inf,Inf,Inf,Inf,Inf,stream.year
str_LJK.2015,0.01,32.3,11.2,64.3,5.9,3.9,13.3,Inf,Inf,Inf,Inf,Inf,stream.year
str_LNF.2016,0.05,6.1,3.6,9.3,5.7,4,10.1,Inf,Inf,Inf,12.3,Inf,stream.year
str_LNF.2016,0.02,6.1,3.6,9.3,5.8,4.1,10.4,Inf,Inf,Inf,11.8,Inf,stream.year
str_LNF.2016,0.01,6.1,3.6,9.3,5.8,4.1,10.4,Inf,Inf,Inf,11.8,Inf,stream.year
str_LNG.2012,0.05,17,2.8,43.5,8.6,4.2,Inf,Inf,Inf,Inf,Inf,Inf,stream.year
str_LNG.2012,0.02,17,2.8,43.5,8.6,4.2,Inf,Inf,Inf,Inf,Inf,Inf,stream.year
str_LNG.2012,0.01,17,2.8,43.5,8.6,4.2,Inf,Inf,Inf,Inf,Inf,Inf,stream.year
str_LON.2011,0.05,1.9,1.3,2.6,6.7,4.1,21.5,Inf,Inf,Inf,6.3,Inf,stream.year
str_LON.2011,0.02,1.9,1.3,2.6,7.8,4.7,25.6,Inf,Inf,Inf,9.7,Inf,stream.year
str_LON.2011,0.01,1.9,1.3,2.6,7.8,4.7,25.6,Inf,Inf,Inf,9.7,Inf,stream.year
str_LON.2016,0.05,5.4,3,8.5,8.6,4.1,Inf,Inf,Inf,Inf,Inf,Inf,stream.year
str_LON.2016,0.02,5.4,3,8.5,8.6,4.1,Inf,Inf,Inf,Inf,Inf,Inf,stream.year
str_LON.2016,0.01,5.4,3,8.5,8.6,4.1,Inf,Inf,Inf,Inf,Inf,Inf,stream.year
str_LTA.2000,0.05,Inf,Inf,Inf,2.3,1.6,4.4,Inf,Inf,Inf,0,Inf,stream.year
str_LTA.2000,0.02,Inf,Inf,Inf,2.3,1.6,4.4,Inf,Inf,Inf,0,Inf,stream.year
str_LTA.2000,0.01,Inf,Inf,Inf,2.3,1.6,4.4,Inf,Inf,Inf,0,Inf,stream.year
str_LWF.2015,0.05,15.9,9.2,24.4,4.9,3.9,6.7,Inf,Inf,Inf,Inf,Inf,stream.year
str_LWF.2015,0.02,15.9,9.2,24.4,4.9,3.9,6.7,Inf,Inf,Inf,Inf,Inf,stream.year
str_LWF.2015,0.01,15.9,9.2,24.4,4.9,3.9,6.7,Inf,Inf,Inf,Inf,Inf,stream.year
str_MAC.2016,0.05,1.9,1.3,2.7,4.3,3.1,7.8,Inf,247.8,Inf,13.4,Inf,stream.year
str_MAC.2016,0.02,1.9,1.3,2.7,5.9,4.1,11,Inf,108.4,Inf,15,Inf,stream.year
str_MAC.2016,0.01,1.9,1.3,2.7,5.9,4.1,11,Inf,108.4,Inf,15,Inf,stream.year
str_MAE.2016,0.05,16,1.9,44.7,4.4,3.1,8.6,Inf,Inf,Inf,Inf,Inf,stream.year
str_MAE.2016,0.02,16,1.9,44.7,4.4,3.1,8.6,Inf,Inf,Inf,Inf,Inf,stream.year
str_MAE.2016,0.01,16,1.9,44.7,4.4,3.1,8.6,Inf,Inf,Inf,Inf,Inf,stream.year
str_MAR.2017,0.05,1.9,1.3,2.7,4.9,3.3,10.1,Inf,521.5,Inf,30.4,Inf,stream.year
str_MAR.2017,0.02,1.9,1.3,2.7,7.5,5,16.1,673,115.8,Inf,22.4,Inf,stream.year
str_MAR.2017,0.01,1.9,1.3,2.7,7.5,5,16.1,673,115.8,Inf,22.4,Inf,stream.year
str_MAU.2016,0.05,7.9,4.7,11.9,4.3,3.2,6.9,Inf,Inf,Inf,Inf,Inf,stream.year
str_MAU.2016,0.02,7.9,4.7,11.9,4.3,3.2,6.9,Inf,Inf,Inf,Inf,Inf,stream.year
str_MAU.2016,0.01,7.9,4.7,11.9,4.3,3.2,6.9,Inf,Inf,Inf,Inf,Inf,stream.year
str_MEI.2017,0.05,1.2,1,1.6,6.7,4,29,Inf,129.9,Inf,11.2,Inf,stream.year
str_MEI.2017,0.02,1.2,1,1.6,11.5,6.7,51.5,Inf,Inf,Inf,13.2,Inf,stream.year
str_MEI.2017,0.01,1.2,1,1.6,11.5,6.7,51.5,Inf,Inf,Inf,13.2,Inf,stream.year
str_MHK.2000,0.05,0.8,0.7,1,2.8,1.9,6.6,Inf,Inf,Inf,136.9,Inf,stream.year
str_MHK.2000,0.02,0.8,0.7,1,5.3,3.4,13.5,14.9,10.1,24,2,Inf,stream.year
str_MHK.2000,0.01,0.8,0.7,1,5.3,3.4,13.5,14.9,10.1,24,2,Inf,stream.year
str_MHK.2016,0.05,4.8,1.6,9.9,2.3,1.7,3.8,Inf,Inf,Inf,Inf,Inf,stream.year
str_MHK.2016,0.02,4.8,1.6,9.9,2.3,1.7,3.8,Inf,Inf,Inf,Inf,Inf,stream.year
str_MHK.2016,0.01,4.8,1.6,9.9,2.3,1.7,3.8,Inf,Inf,Inf,Inf,Inf,stream.year
str_MIL.2015,0.05,1.8,1.4,2.4,2.9,2.3,4,Inf,Inf,Inf,Inf,Inf,stream.year
str_MIL.2015,0.02,1.8,1.4,2.4,4,3,5.8,Inf,Inf,Inf,16.1,Inf,stream.year
str_MIL.2015,0.01,1.8,1.4,2.4,4,3,5.8,Inf,Inf,Inf,16.1,Inf,stream.year
str_MIL.2017,0.05,2.7,1.6,4.2,1.6,1.3,2.2,Inf,Inf,Inf,Inf,Inf,stream.year
str_MIL.2017,0.02,2.7,1.6,4.2,2.6,2,3.9,Inf,Inf,Inf,13.3,Inf,stream.year
str_MIL.2017,0.01,2.7,1.6,4.2,2.6,2,3.9,Inf,Inf,Inf,13.3,Inf,stream.year
str_MOH.2013,0.05,1.2,1,1.5,9.6,5.9,30.9,Inf,Inf,Inf,9.3,Inf,stream.year
str_MOH.2013,0.02,1.2,1,1.5,9.6,5.9,30.9,Inf,Inf,Inf,9.3,Inf,stream.year
str_MOH.2013,0.01,1.2,1,1.5,9.6,5.9,30.9,Inf,Inf,Inf,9.3,Inf,stream.year
str_MPH.2011,0.05,2.6,1.8,3.4,3.1,2.5,4.4,Inf,Inf,Inf,3.1,Inf,stream.year
str_MPH.2011,0.02,2.6,1.8,3.4,3.2,2.5,4.4,Inf,Inf,Inf,3.2,Inf,stream.year
str_MPH.2011,0.01,2.6,1.8,3.4,3.2,2.5,4.4,Inf,Inf,Inf,3.2,Inf,stream.year
str_MRB.2016,0.05,2.5,1.8,3.3,9.9,4.5,Inf,Inf,Inf,Inf,Inf,Inf,stream.year
str_MRB.2016,0.02,2.5,1.8,3.3,9.9,4.5,Inf,Inf,Inf,Inf,Inf,Inf,stream.year
str_MRB.2016,0.01,2.5,1.8,3.3,9.9,4.5,Inf,Inf,Inf,Inf,Inf,Inf,stream.year
str_MRV.2016,0.05,7.5,3.2,13.5,4.3,2.7,12,Inf,Inf,Inf,Inf,Inf,stream.year
str_MRV.2016,0.02,7.5,3.2,13.5,4.3,2.7,12,Inf,Inf,Inf,Inf,Inf,stream.year
str_MRV.2016,0.01,7.5,3.2,13.5,4.3,2.7,12,Inf,Inf,Inf,Inf,Inf,stream.year
str_MSQ.2000,0.05,Inf,Inf,Inf,3.2,2.1,7,Inf,Inf,Inf,0.2,Inf,stream.year
str_MSQ.2000,0.02,Inf,Inf,Inf,3.2,2.1,7,Inf,Inf,Inf,0.2,Inf,stream.year
str_MSQ.2000,0.01,Inf,Inf,Inf,3.2,2.1,7,Inf,Inf,Inf,0.2,Inf,stream.year
str_MUR.2017,0.05,1.5,1,2,2.9,2.2,4.7,Inf,Inf,Inf,28.9,Inf,stream.year
str_MUR.2017,0.02,1.5,1,2,3.9,2.9,6.5,Inf,76.9,Inf,1.6,Inf,stream.year
str_MUR.2017,0.01,1.5,1,2,3.9,2.9,6.5,Inf,76.9,Inf,1.6,Inf,stream.year
str_NFB.2016,0.05,14.3,1,44.5,5.1,2.9,31.4,Inf,Inf,Inf,Inf,Inf,stream.year
str_NFB.2016,0.02,14.3,1,44.5,5.1,2.9,31.4,Inf,Inf,Inf,Inf,Inf,stream.year
str_NFB.2016,0.01,14.3,1,44.5,5.1,2.9,31.4,Inf,Inf,Inf,Inf,Inf,stream.year
str_NFC.2012,0.05,2.8,1.4,4.5,2.9,1.9,7.4,Inf,Inf,Inf,4.4,Inf,stream.year
str_NFC.2012,0.02,2.8,1.4,4.5,5.5,3.4,15.4,Inf,Inf,Inf,20.6,Inf,stream.year
str_NFC.2012,0.01,2.8,1.4,4.5,5.5,3.4,15.4,Inf,Inf,Inf,20.6,Inf,stream.year
str_NFG.2009,0.05,3,1.5,5,3.1,2.2,5.7,Inf,Inf,Inf,Inf,Inf,stream.year
str_NFG.2009,0.02,3,1.5,5,3.1,2.2,5.7,Inf,Inf,Inf,Inf,Inf,stream.year
str_NFG.2009,0.01,3,1.5,5,3.1,2.2,5.7,Inf,Inf,Inf,Inf,Inf,stream.year
str_OHR.2011,0.05,Inf,Inf,Inf,Inf,Inf,Inf,Inf,Inf,Inf,Inf,Inf,stream.year
str_OHR.2011,0.02,Inf,Inf,Inf,Inf,Inf,Inf,Inf,Inf,Inf,Inf,Inf,stream.year
str_OHR.2011,0.01,Inf,Inf,Inf,Inf,Inf,Inf,Inf,Inf,Inf,Inf,Inf,stream.year
str_PEC.2018,0.05,2.4,1.8,3.2,4.2,2.8,9.1,Inf,Inf,Inf,73.4,Inf,stream.year
str_PEC.2018,0.02,2.4,1.8,3.2,8.4,5.5,19.4,124.7,56.8,Inf,23.2,Inf,stream.year
str_PEC.2018,0.01,2.4,1.8,3.2,8.4,5.5,19.4,124.7,56.8,Inf,23.2,Inf,stream.year
str_PKC.2000,0.05,Inf,Inf,Inf,3.1,2.1,6.7,Inf,Inf,Inf,Inf,Inf,stream.year
str_PKC.2000,0.02,Inf,Inf,Inf,3.1,2.1,6.7,Inf,Inf,Inf,Inf,Inf,stream.year
str_PKC.2000,0.01,Inf,Inf,Inf,3.1,2.1,6.7,Inf,Inf,Inf,Inf,Inf,stream.year
str_POI.2017,0.05,1.4,1.2,1.7,5.4,3.7,10.5,Inf,Inf,Inf,3.1,Inf,stream.year
str_POI.2017,0.02,1.4,1.2,1.7,7.7,5.2,15.6,71.5,31.8,Inf,6,Inf,stream.year
str_POI.2017,0.01,1.4,1.2,1.7,7.7,5.2,15.6,71.5,31.8,Inf,6,Inf,stream.year
str_POL.2016,0.05,2,1.6,2.4,5,3.7,7.6,Inf,78.7,Inf,2.2,Inf,stream.year
str_POL.2016,0.02,2,1.6,2.4,6.4,4.7,10.1,73.8,30.6,Inf,3,Inf,stream.year
str_POL.2016,0.01,2,1.6,2.4,6.4,4.7,10.1,73.8,30.6,Inf,3,Inf,stream.year
str_ROC.2009,0.05,7.1,4.2,10.9,6.4,3.7,33.2,Inf,Inf,Inf,27.2,Inf,stream.year
str_ROC.2009,0.02,7.1,4.2,10.9,8.7,5,46.3,Inf,Inf,Inf,969.4,Inf,stream.year
str_ROC.2009,0.01,7.1,4.2,10.9,8.7,5,46.3,Inf,Inf,Inf,969.4,Inf,stream.year
str_ROC.2017,0.05,1.5,1.2,1.9,7.8,4.6,34,Inf,Inf,Inf,4.6,Inf,stream.year
str_ROC.2017,0.02,1.5,1.2,1.9,7.8,4.6,34,Inf,Inf,Inf,4.6,Inf,stream.year
str_ROC.2017,0.01,1.5,1.2,1.9,7.8,4.6,34,Inf,Inf,Inf,4.6,Inf,stream.year
str_SEC.2010,0.05,Inf,Inf,Inf,5.1,3.1,16.2,Inf,Inf,Inf,Inf,Inf,stream.year
str_SEC.2010,0.02,Inf,Inf,Inf,5.1,3.1,16.2,Inf,Inf,Inf,Inf,Inf,stream.year
str_SEC.2010,0.01,Inf,Inf,Inf,5.1,3.1,16.2,Inf,Inf,Inf,Inf,Inf,stream.year
str_SHE.2010,0.05,Inf,Inf,Inf,4,2.8,7.1,Inf,Inf,Inf,1,Inf,stream.year
str_SHE.2010,0.02,Inf,Inf,Inf,4,2.8,7.1,Inf,Inf,Inf,1,Inf,stream.year
str_SHE.2010,0.01,Inf,Inf,Inf,4,2.8,7.1,Inf,Inf,Inf,1,Inf,stream.year
str_SIL.2015,0.05,1244.8,1.2,6248.9,5.8,3.5,19.9,Inf,Inf,Inf,Inf,Inf,stream.year
str_SIL.2015,0.02,1244.8,1.2,6248.9,5.8,3.5,19.9,Inf,Inf,Inf,Inf,Inf,stream.year
str_SIL.2015,0.01,1244.8,1.2,6248.9,5.8,3.5,19.9,Inf,Inf,Inf,Inf,Inf,stream.year
str_SLK.2015,0.05,1.7,1.3,2.2,3.1,2.4,4.2,Inf,Inf,Inf,24,Inf,stream.year
str_SLK.2015,0.02,1.7,1.3,2.2,3.8,3,5.3,Inf,Inf,Inf,2.2,Inf,stream.year
str_SLK.2015,0.01,1.7,1.3,2.2,3.8,3,5.3,Inf,Inf,Inf,2.2,Inf,stream.year
str_SNO.2010,0.05,2.9,1.9,4.2,5.3,3.3,15,Inf,Inf,Inf,12.1,Inf,stream.year
str_SNO.2010,0.02,2.9,1.9,4.2,5.3,3.3,15,Inf,Inf,Inf,12.1,Inf,stream.year
str_SNO.2010,0.01,2.9,1.9,4.2,5.3,3.3,15,Inf,Inf,Inf,12.1,Inf,stream.year
str_TCR.2002,0.05,2.3,1.4,3.4,5.7,3.6,15.6,Inf,Inf,Inf,Inf,Inf,stream.year
str_TCR.2002,0.02,2.3,1.4,3.4,5.7,3.6,15.6,Inf,Inf,Inf,Inf,Inf,stream.year
str_TCR.2002,0.01,2.3,1.4,3.4,5.7,3.6,15.6,Inf,Inf,Inf,Inf,Inf,stream.year
str_TCR.2017,0.05,2.3,1.6,3.1,4.5,2.9,11,Inf,Inf,Inf,26.9,Inf,stream.year
str_TCR.2017,0.02,2.3,1.6,3.1,6.4,4.1,16.1,Inf,Inf,Inf,31.4,Inf,stream.year
str_TCR.2017,0.01,2.3,1.6,3.1,6.4,4.1,16.1,Inf,Inf,Inf,31.4,Inf,stream.year
str_TNY.2001,0.05,4.7,2.8,7.1,10.6,5.6,206.7,Inf,Inf,Inf,1.4,Inf,stream.year
str_TNY.2001,0.02,4.7,2.8,7.1,10.6,5.6,206.7,Inf,Inf,Inf,1.4,Inf,stream.year
str_TNY.2001,0.01,4.7,2.8,7.1,10.6,5.6,206.7,Inf,Inf,Inf,1.4,Inf,stream.year
str_TNY.2012,0.05,Inf,Inf,Inf,4.9,3.1,13.7,Inf,Inf,Inf,Inf,Inf,stream.year
str_TNY.2012,0.02,Inf,Inf,Inf,4.9,3.1,13.7,Inf,Inf,Inf,Inf,Inf,stream.year
str_TNY.2012,0.01,Inf,Inf,Inf,4.9,3.1,13.7,Inf,Inf,Inf,Inf,Inf,stream.year
str_TOJ.2017,0.05,1.7,1.2,2.3,3.9,2.8,6.7,Inf,Inf,Inf,Inf,Inf,stream.year
str_TOJ.2017,0.02,1.7,1.2,2.3,5.4,3.8,9.5,Inf,1326.3,Inf,38.9,Inf,stream.year
str_TOJ.2017,0.01,1.7,1.2,2.3,5.4,3.8,9.5,Inf,1326.3,Inf,38.9,Inf,stream.year
str_TRB.2010,0.05,1.9,1.5,2.5,3.4,2.6,4.9,Inf,Inf,Inf,5.8,Inf,stream.year
str_TRB.2010,0.02,1.9,1.5,2.5,3.4,2.6,4.9,Inf,Inf,Inf,5.8,Inf,stream.year
str_TRB.2010,0.01,1.9,1.5,2.5,3.4,2.6,4.9,Inf,Inf,Inf,5.8,Inf,stream.year
str_UNK.0,0.05,Inf,Inf,Inf,Inf,Inf,Inf,Inf,Inf,Inf,Inf,Inf,stream.year
str_UNK.0,0.02,Inf,Inf,Inf,Inf,Inf,Inf,Inf,Inf,Inf,Inf,Inf,stream.year
str_UNK.0,0.01,Inf,Inf,Inf,Inf,Inf,Inf,Inf,Inf,Inf,Inf,Inf,stream.year
str_UWF.2015,0.05,10.2,6,15.4,4,3.2,5.4,Inf,Inf,Inf,Inf,Inf,stream.year
str_UWF.2015,0.02,10.2,6,15.4,4,3.2,5.4,Inf,Inf,Inf,Inf,Inf,stream.year
str_UWF.2015,0.01,10.2,6,15.4,4,3.2,5.4,Inf,Inf,Inf,Inf,Inf,stream.year
str_WAC.1997,0.05,2.5,1.7,3.5,4.3,2.6,18.9,Inf,Inf,Inf,10.7,Inf,stream.year
str_WAC.1997,0.02,2.5,1.7,3.5,10.3,5.9,50.1,Inf,Inf,Inf,14.5,Inf,stream.year
str_WAC.1997,0.01,2.5,1.7,3.5,10.3,5.9,50.1,Inf,Inf,Inf,14.5,Inf,stream.year
str_WAC.2016,0.05,3.9,2.6,5.5,4.8,3.4,8.4,Inf,Inf,Inf,4.5,Inf,stream.year
str_WAC.2016,0.02,3.9,2.6,5.5,4.8,3.4,8.4,Inf,Inf,Inf,4.5,Inf,stream.year
str_WAC.2016,0.01,3.9,2.6,5.5,4.8,3.4,8.4,Inf,Inf,Inf,4.5,Inf,stream.year
str_WHO.2011,0.05,5.5,2,10.8,4.6,3.2,9.2,Inf,Inf,Inf,Inf,Inf,stream.year
str_WHO.2011,0.02,5.5,2,10.8,4.6,3.2,9.2,Inf,Inf,Inf,Inf,Inf,stream.year
str_WHO.2011,0.01,5.5,2,10.8,4.6,3.2,9.2,Inf,Inf,Inf,Inf,Inf,stream.year
str_WIC.2000,0.05,3.4,2.4,4.5,3.7,2.7,6,Inf,Inf,Inf,6,Inf,stream.year
str_WIC.2000,0.02,3.4,2.4,4.5,4.5,3.3,7.4,Inf,Inf,Inf,7.5,Inf,stream.year
str_WIC.2000,0.01,3.4,2.4,4.5,4.5,3.3,7.4,Inf,Inf,Inf,7.5,Inf,stream.year
str_WIC.2017,0.05,2.1,1.5,2.8,3.7,2.8,6,Inf,65.9,Inf,6.1,Inf,stream.year
str_WIC.2017,0.02,2.1,1.5,2.8,4.2,3.1,6.8,182.6,39,Inf,6.4,Inf,stream.year
str_WIC.2017,0.01,2.1,1.5,2.8,4.2,3.1,6.8,182.6,39,Inf,6.4,Inf,stream.year
str_WIL.1996,0.05,4,2.2,6.4,4.9,3.2,12.1,Inf,Inf,Inf,Inf,Inf,stream.year
str_WIL.1996,0.02,4,2.2,6.4,4.9,3.2,12.1,Inf,Inf,Inf,Inf,Inf,stream.year
str_WIL.1996,0.01,4,2.2,6.4,4.9,3.2,12.1,Inf,Inf,Inf,Inf,Inf,stream.year
str_WLN.2009,0.05,1.9,1.4,2.6,3.3,2.4,5.7,Inf,Inf,Inf,Inf,Inf,stream.year
str_WLN.2009,0.02,1.9,1.4,2.6,5.3,3.7,9.4,Inf,Inf,Inf,Inf,Inf,stream.year
str_WLN.2009,0.01,1.9,1.4,2.6,5.3,3.7,9.4,Inf,Inf,Inf,Inf,Inf,stream.year
str_WLN.2017,0.05,2.3,1.5,3.3,5.1,3.4,11.4,Inf,Inf,Inf,20.3,Inf,stream.year
str_WLN.2017,0.02,2.3,1.5,3.3,5.1,3.4,11.4,Inf,Inf,Inf,20.3,Inf,stream.year
str_WLN.2017,0.01,2.3,1.5,3.3,5.1,3.4,11.4,Inf,Inf,Inf,20.3,Inf,stream.year
str_WMR.2000,0.05,Inf,Inf,Inf,Inf,9.8,Inf,Inf,Inf,Inf,Inf,Inf,stream.year
str_WMR.2000,0.02,Inf,Inf,Inf,Inf,9.8,Inf,Inf,Inf,Inf,Inf,Inf,stream.year
str_WMR.2000,0.01,Inf,Inf,Inf,Inf,9.8,Inf,Inf,Inf,Inf,Inf,Inf,stream.year
str_WMR.2016,0.05,2.4,1.6,3.4,9.3,3.6,Inf,Inf,Inf,Inf,Inf,Inf,stream.year
str_WMR.2016,0.02,2.4,1.6,3.4,9.3,3.6,Inf,Inf,Inf,Inf,Inf,Inf,stream.year
str_WMR.2016,0.01,2.4,1.6,3.4,9.3,3.6,Inf,Inf,Inf,Inf,Inf,Inf,stream.year
CAR.2017,0.05,0.8,0.7,0.9,5.9,3.4,26.1,13.4,11.7,15.3,5.8,30.9,watershed.year
CAR.2017,0.02,0.8,0.7,0.9,7.9,4.5,39.9,18.2,16.2,20.5,9.8,38.3,watershed.year
CAR.2017,0.01,0.8,0.7,0.9,13.8,7.8,75.2,18.9,17.7,20.2,10,40.7,watershed.year
EFH.2012,0.05,2.8,1.4,4.5,2.9,1.9,7.4,Inf,Inf,Inf,4.4,Inf,watershed.year
EFH.2012,0.02,2.8,1.4,4.5,5.5,3.4,15.4,Inf,Inf,Inf,20.6,Inf,watershed.year
EFH.2012,0.01,2.8,1.4,4.5,5.5,3.4,15.4,Inf,Inf,Inf,20.6,Inf,watershed.year
LHU.2000,0.05,Inf,Inf,Inf,7.7,3.4,Inf,Inf,Inf,Inf,Inf,Inf,watershed.year
LHU.2000,0.02,Inf,Inf,Inf,7.7,3.4,Inf,Inf,Inf,Inf,Inf,Inf,watershed.year
LHU.2000,0.01,Inf,Inf,Inf,7.7,3.4,Inf,Inf,Inf,Inf,Inf,Inf,watershed.year
LHU.2013,0.05,Inf,Inf,Inf,9.5,2.8,Inf,Inf,Inf,Inf,Inf,Inf,watershed.year
LHU.2013,0.02,Inf,Inf,Inf,9.5,2.8,Inf,Inf,Inf,Inf,Inf,Inf,watershed.year
LHU.2013,0.01,Inf,Inf,Inf,9.5,2.8,Inf,Inf,Inf,Inf,Inf,Inf,watershed.year
LHU.2016,0.05,1.1,0.9,1.4,7,4,38.3,Inf,Inf,Inf,7,Inf,watershed.year
LHU.2016,0.02,1.1,0.9,1.4,11.2,6.3,71.9,Inf,Inf,Inf,7.7,Inf,watershed.year
LHU.2016,0.01,1.1,0.9,1.4,11.2,6.3,71.9,Inf,Inf,Inf,7.7,Inf,watershed.year
LTR.2016,0.05,1.9,1.3,2.6,8.3,4.7,47.5,Inf,Inf,Inf,Inf,Inf,watershed.year
LTR.2016,0.02,1.9,1.3,2.6,8.3,4.7,47.5,Inf,Inf,Inf,Inf,Inf,watershed.year
LTR.2016,0.01,1.9,1.3,2.6,8.3,4.7,47.5,Inf,Inf,Inf,Inf,Inf,watershed.year
MAG.2009,0.05,1,0.9,1.2,7,4.4,19.1,38,27.3,58.8,10.7,Inf,watershed.year
MAG.2009,0.02,1,0.9,1.2,12.7,8.1,31.8,13.8,12.5,15.3,6.4,40,watershed.year
MAG.2009,0.01,1,0.9,1.2,15,9.4,38.1,11.7,10.9,12.7,5.6,28.1,watershed.year
MAG.2015,0.05,0.9,0.8,1.1,14.1,5.8,Inf,250.2,67.1,Inf,7.5,Inf,watershed.year
MAG.2015,0.02,0.9,0.8,1.1,73.3,11.5,Inf,27.4,21.9,35.9,2.9,Inf,watershed.year
MAG.2015,0.01,0.9,0.8,1.1,79.8,12.4,Inf,25,20.4,31.6,3,Inf,watershed.year
MAR.2000,0.05,3.4,2,5.2,5.1,3.2,15.2,Inf,Inf,Inf,12.2,Inf,watershed.year
MAR.2000,0.02,3.4,2,5.2,6.8,4.2,20.8,Inf,Inf,Inf,10.3,Inf,watershed.year
MAR.2000,0.01,3.4,2,5.2,6.8,4.2,20.8,Inf,Inf,Inf,10.3,Inf,watershed.year
MAR.2002,0.05,2.3,1.4,3.4,5.7,3.6,15.6,Inf,Inf,Inf,Inf,Inf,watershed.year
MAR.2002,0.02,2.3,1.4,3.4,5.7,3.6,15.6,Inf,Inf,Inf,Inf,Inf,watershed.year
MAR.2002,0.01,2.3,1.4,3.4,5.7,3.6,15.6,Inf,Inf,Inf,Inf,Inf,watershed.year
MAR.2012,0.05,3,2.2,4.1,3.2,2.5,4.5,Inf,Inf,Inf,19.5,Inf,watershed.year
MAR.2012,0.02,3,2.2,4.1,4.6,3.6,6.7,Inf,Inf,Inf,6.8,Inf,watershed.year
MAR.2012,0.01,3,2.2,4.1,4.6,3.6,6.7,Inf,Inf,Inf,6.8,Inf,watershed.year
MAR.2016,0.05,1.8,1.4,2.2,5,3.2,12.4,Inf,Inf,Inf,40.6,Inf,watershed.year
MAR.2016,0.02,1.8,1.4,2.2,9.3,5.9,24.4,51.3,34.7,92.6,11.7,Inf,watershed.year
MAR.2016,0.01,1.8,1.4,2.2,9.3,5.9,24.4,51.3,34.7,92.6,11.7,Inf,watershed.year
MAR.2017,0.05,0.9,0.7,1,10.8,4.6,Inf,11.7,10.2,13.3,4.1,26.3,watershed.year
MAR.2017,0.02,0.9,0.7,1,14.5,6.4,Inf,25.6,22.7,29.1,13,67.1,watershed.year
MAR.2017,0.01,0.9,0.7,1,25.5,11,Inf,31.7,29.3,34.3,17.8,71.9,watershed.year
MCD.1998,0.05,Inf,Inf,Inf,Inf,Inf,Inf,Inf,Inf,Inf,Inf,Inf,watershed.year
MCD.1998,0.02,Inf,Inf,Inf,Inf,Inf,Inf,Inf,Inf,Inf,Inf,Inf,watershed.year
MCD.1998,0.01,Inf,Inf,Inf,Inf,Inf,Inf,Inf,Inf,Inf,Inf,Inf,watershed.year
MCD.2000,0.05,16.4,1.2,51,3.6,2.6,6.1,Inf,Inf,Inf,19.8,Inf,watershed.year
MCD.2000,0.02,16.4,1.2,51,3.6,2.6,6.1,Inf,Inf,Inf,19.8,Inf,watershed.year
MCD.2000,0.01,16.4,1.2,51,3.6,2.6,6.1,Inf,Inf,Inf,19.8,Inf,watershed.year
MCD.2017,0.05,0.9,0.8,1,11.4,6,333.6,1.2,1.1,1.3,0.6,6,watershed.year
MCD.2017,0.02,0.9,0.8,1,14.3,7.4,680.7,1.3,1.2,1.4,0.7,2.9,watershed.year
MCD.2017,0.01,0.9,0.8,1,14.3,7.4,680.7,1.3,1.2,1.4,0.7,2.9,watershed.year
NFH.1997,0.05,3.2,2.4,4.1,9.8,5.4,70.5,Inf,Inf,Inf,1.3,Inf,watershed.year
NFH.1997,0.02,3.2,2.4,4.1,9.8,5.4,70.5,Inf,Inf,Inf,1.3,Inf,watershed.year
NFH.1997,0.01,3.2,2.4,4.1,9.8,5.4,70.5,Inf,Inf,Inf,1.3,Inf,watershed.year
NFH.2000,0.05,37.3,4.5,103.7,5.3,3.4,13.3,Inf,Inf,Inf,Inf,Inf,watershed.year
NFH.2000,0.02,37.3,4.5,103.7,5.3,3.4,13.3,Inf,Inf,Inf,Inf,Inf,watershed.year
NFH.2000,0.01,37.3,4.5,103.7,5.3,3.4,13.3,Inf,Inf,Inf,Inf,Inf,watershed.year
NFH.2017,0.05,0.8,0.7,0.9,5.3,3.7,10.3,44.9,28.5,93.3,8.5,Inf,watershed.year
NFH.2017,0.02,0.8,0.7,0.9,9.9,6.8,19.4,11.3,10,12.9,3.1,75,watershed.year
NFH.2017,0.01,0.8,0.7,0.9,11,7.4,21.6,10.6,9.4,11.8,3.3,39,watershed.year
OOB.2011,0.05,Inf,Inf,Inf,Inf,Inf,Inf,Inf,Inf,Inf,Inf,Inf,watershed.year
OOB.2011,0.02,Inf,Inf,Inf,Inf,Inf,Inf,Inf,Inf,Inf,Inf,Inf,watershed.year
OOB.2011,0.01,Inf,Inf,Inf,Inf,Inf,Inf,Inf,Inf,Inf,Inf,Inf,watershed.year
PPT.2016,0.05,6.1,3.6,9.3,5.7,4,10.1,Inf,Inf,Inf,12.3,Inf,watershed.year
PPT.2016,0.02,6.1,3.6,9.3,5.8,4.1,10.4,Inf,Inf,Inf,11.8,Inf,watershed.year
PPT.2016,0.01,6.1,3.6,9.3,5.8,4.1,10.4,Inf,Inf,Inf,11.8,Inf,watershed.year
QUI.1997,0.05,2.5,1.7,3.5,4.3,2.6,18.9,Inf,Inf,Inf,10.7,Inf,watershed.year
QUI.1997,0.02,2.5,1.7,3.5,10.3,5.9,50.1,Inf,Inf,Inf,14.5,Inf,watershed.year
QUI.1997,0.01,2.5,1.7,3.5,10.3,5.9,50.1,Inf,Inf,Inf,14.5,Inf,watershed.year
QUI.2011,0.05,1.9,1.3,2.6,6.7,4.1,21.5,Inf,Inf,Inf,6.3,Inf,watershed.year
QUI.2011,0.02,1.9,1.3,2.6,7.8,4.7,25.6,Inf,Inf,Inf,9.7,Inf,watershed.year
QUI.2011,0.01,1.9,1.3,2.6,7.8,4.7,25.6,Inf,Inf,Inf,9.7,Inf,watershed.year
QUI.2013,0.05,2.9,1.8,4.1,3.5,2.7,5.5,Inf,Inf,Inf,3.6,Inf,watershed.year
QUI.2013,0.02,2.9,1.8,4.1,3.5,2.7,5.5,Inf,Inf,Inf,3.6,Inf,watershed.year
QUI.2013,0.01,2.9,1.8,4.1,3.5,2.7,5.5,Inf,Inf,Inf,3.6,Inf,watershed.year
QUI.2016,0.05,0.7,0.6,0.7,11.1,4.4,Inf,15,11.3,20.8,3.1,Inf,watershed.year
QUI.2016,0.02,0.7,0.6,0.7,70.8,9.9,Inf,13.5,11.7,15.7,3,Inf,watershed.year
QUI.2016,0.01,0.7,0.6,0.7,103.4,14.1,Inf,8.2,7.5,9,2.3,39.2,watershed.year
QUI.2017,0.05,1.5,1.4,1.6,Inf,Inf,Inf,4.1,3.3,4.8,1.8,19.5,watershed.year
QUI.2017,0.02,1.5,1.4,1.6,Inf,Inf,Inf,6.1,5.7,6.6,2.2,24.9,watershed.year
QUI.2017,0.01,1.5,1.4,1.6,Inf,Inf,Inf,6.1,5.7,6.6,2.2,24.9,watershed.year
REE.2000,0.05,0.8,0.7,1,2.8,1.9,6.6,Inf,Inf,Inf,136.9,Inf,watershed.year
REE.2000,0.02,0.8,0.7,1,5.3,3.4,13.5,14.9,10.1,24,2,Inf,watershed.year
REE.2000,0.01,0.8,0.7,1,5.3,3.4,13.5,14.9,10.1,24,2,Inf,watershed.year
REE.2001,0.05,4.7,2.8,7.1,10.6,5.6,206.7,Inf,Inf,Inf,1.4,Inf,watershed.year
REE.2001,0.02,4.7,2.8,7.1,10.6,5.6,206.7,Inf,Inf,Inf,1.4,Inf,watershed.year
REE.2001,0.01,4.7,2.8,7.1,10.6,5.6,206.7,Inf,Inf,Inf,1.4,Inf,watershed.year
REE.2009,0.05,0.7,0.6,0.8,1.5,1.2,2.3,Inf,Inf,Inf,2.9,Inf,watershed.year
REE.2009,0.02,0.7,0.6,0.8,3.8,2.6,7.2,6.2,4.2,8.4,1.9,36.8,watershed.year
REE.2009,0.01,0.7,0.6,0.8,3.8,2.6,7.2,6.2,4.2,8.4,1.9,36.8,watershed.year
REE.2012,0.05,Inf,Inf,Inf,4.9,3.1,13.7,Inf,Inf,Inf,Inf,Inf,watershed.year
REE.2012,0.02,Inf,Inf,Inf,4.9,3.1,13.7,Inf,Inf,Inf,Inf,Inf,watershed.year
REE.2012,0.01,Inf,Inf,Inf,4.9,3.1,13.7,Inf,Inf,Inf,Inf,Inf,watershed.year
REE.2016,0.05,1.7,1.4,2,Inf,13.7,Inf,17.7,9.9,45.8,2.5,Inf,watershed.year
REE.2016,0.02,1.7,1.4,2,Inf,13.7,Inf,17.7,9.9,45.8,2.5,Inf,watershed.year
REE.2016,0.01,1.7,1.4,2,Inf,13.7,Inf,17.7,9.9,45.8,2.5,Inf,watershed.year
ROC.1997,0.05,25,8.7,49.9,3.8,2.5,8.3,Inf,Inf,Inf,Inf,Inf,watershed.year
ROC.1997,0.02,25,8.7,49.9,3.8,2.5,8.3,Inf,Inf,Inf,Inf,Inf,watershed.year
ROC.1997,0.01,25,8.7,49.9,3.8,2.5,8.3,Inf,Inf,Inf,Inf,Inf,watershed.year
ROC.2000,0.05,11,3.3,23.2,5,3.4,10,Inf,Inf,Inf,Inf,Inf,watershed.year
ROC.2000,0.02,11,3.3,23.2,5,3.4,10,Inf,Inf,Inf,Inf,Inf,watershed.year
ROC.2000,0.01,11,3.3,23.2,5,3.4,10,Inf,Inf,Inf,Inf,Inf,watershed.year
ROC.2009,0.05,1.5,1,2.1,5,3.2,12.1,Inf,1047.5,Inf,25.3,Inf,watershed.year
ROC.2009,0.02,1.5,1,2.1,8.8,5,51.6,Inf,1369.7,Inf,45.4,Inf,watershed.year
ROC.2009,0.01,1.5,1,2.1,11.9,6.7,75.5,Inf,Inf,Inf,66.6,Inf,watershed.year
ROC.2017,0.05,0.9,0.7,1.1,5.7,3.6,15.2,71.5,51.7,109.7,31.7,1330.3,watershed.year
ROC.2017,0.02,0.9,0.7,1.1,7.8,4.9,20.9,81.3,62.6,112.8,36.1,2845.5,watershed.year
ROC.2017,0.01,0.9,0.7,1.1,11.6,7.2,32,71.8,60.8,86.7,38.9,234.6,watershed.year
SFH.2009,0.05,3,1.5,5,3.1,2.2,5.7,Inf,Inf,Inf,Inf,Inf,watershed.year
SFH.2009,0.02,3,1.5,5,3.1,2.2,5.7,Inf,Inf,Inf,Inf,Inf,watershed.year
SFH.2009,0.01,3,1.5,5,3.1,2.2,5.7,Inf,Inf,Inf,Inf,Inf,watershed.year
SFH.2011,0.05,7.8,4.8,11.5,2.4,1.9,3.3,Inf,Inf,Inf,Inf,Inf,watershed.year
SFH.2011,0.02,7.8,4.8,11.5,2.4,1.9,3.3,Inf,Inf,Inf,Inf,Inf,watershed.year
SFH.2011,0.01,7.8,4.8,11.5,2.4,1.9,3.3,Inf,Inf,Inf,Inf,Inf,watershed.year
SFH.2012,0.05,17,2.8,43.5,8.6,4.2,Inf,Inf,Inf,Inf,Inf,Inf,watershed.year
SFH.2012,0.02,17,2.8,43.5,8.6,4.2,Inf,Inf,Inf,Inf,Inf,Inf,watershed.year
SFH.2012,0.01,17,2.8,43.5,8.6,4.2,Inf,Inf,Inf,Inf,Inf,Inf,watershed.year
SFH.2014,0.05,Inf,Inf,Inf,3.9,2.8,7.2,Inf,Inf,Inf,0,Inf,watershed.year
SFH.2014,0.02,Inf,Inf,Inf,3.9,2.8,7.2,Inf,Inf,Inf,0,Inf,watershed.year
SFH.2014,0.01,Inf,Inf,Inf,3.9,2.8,7.2,Inf,Inf,Inf,0,Inf,watershed.year
SFH.2016,0.05,1.7,1.3,2.2,Inf,Inf,Inf,3.3,2.9,4.6,1.7,16.6,watershed.year
SFH.2016,0.02,1.7,1.3,2.2,Inf,Inf,Inf,11.5,10.2,13,2.8,243169.3,watershed.year
SFH.2016,0.01,1.7,1.3,2.2,Inf,Inf,Inf,11.9,10.5,13.4,2.9,4430.5,watershed.year
SFH.2018,0.05,2.4,1.8,3.2,4.2,2.8,9.1,Inf,Inf,Inf,73.4,Inf,watershed.year
SFH.2018,0.02,2.4,1.8,3.2,8.4,5.5,19.4,124.7,56.8,Inf,23.2,Inf,watershed.year
SFH.2018,0.01,2.4,1.8,3.2,8.4,5.5,19.4,124.7,56.8,Inf,23.2,Inf,watershed.year
SFL.2010,0.05,1.1,0.9,1.4,3.7,2.7,5.9,Inf,Inf,Inf,69.4,Inf,watershed.year
SFL.2010,0.02,1.1,0.9,1.4,6.1,4.4,10.2,41.4,32,57,12.4,Inf,watershed.year
SFL.2010,0.01,1.1,0.9,1.4,6.1,4.4,10.2,41.4,32,57,12.4,Inf,watershed.year
STE.2000,0.05,1.7,1.2,2.4,3.5,1.9,70.1,Inf,Inf,Inf,23.4,Inf,watershed.year
STE.2000,0.02,1.7,1.2,2.4,8.3,4.4,313.4,171.1,55.6,Inf,17.3,Inf,watershed.year
STE.2000,0.01,1.7,1.2,2.4,8.3,4.4,313.4,171.1,55.6,Inf,17.3,Inf,watershed.year
SUM.2013,0.05,1.2,1,1.5,9.6,5.9,30.9,Inf,Inf,Inf,9.3,Inf,watershed.year
SUM.2013,0.02,1.2,1,1.5,9.6,5.9,30.9,Inf,Inf,Inf,9.3,Inf,watershed.year
SUM.2013,0.01,1.2,1,1.5,9.6,5.9,30.9,Inf,Inf,Inf,9.3,Inf,watershed.year
TRU.2016,0.05,2,1.6,2.4,5,3.7,7.6,Inf,78.7,Inf,2.2,Inf,watershed.year
TRU.2016,0.02,2,1.6,2.4,6.4,4.7,10.1,73.8,30.6,Inf,3,Inf,watershed.year
TRU.2016,0.01,2,1.6,2.4,6.4,4.7,10.1,73.8,30.6,Inf,3,Inf,watershed.year
UNK.0,0.05,Inf,Inf,Inf,Inf,Inf,Inf,Inf,Inf,Inf,Inf,Inf,watershed.year
UNK.0,0.02,Inf,Inf,Inf,Inf,Inf,Inf,Inf,Inf,Inf,Inf,Inf,watershed.year
UNK.0,0.01,Inf,Inf,Inf,Inf,Inf,Inf,Inf,Inf,Inf,Inf,Inf,watershed.year
UPT.2017,0.05,1.2,1,1.6,6.7,4,29,Inf,129.9,Inf,11.2,Inf,watershed.year
UPT.2017,0.02,1.2,1,1.6,11.5,6.7,51.5,Inf,Inf,Inf,13.2,Inf,watershed.year
UPT.2017,0.01,1.2,1,1.6,11.5,6.7,51.5,Inf,Inf,Inf,13.2,Inf,watershed.year
WAL.2011,0.05,2.6,1.8,3.4,3.1,2.5,4.4,Inf,Inf,Inf,3.1,Inf,watershed.year
WAL.2011,0.02,2.6,1.8,3.4,3.2,2.5,4.4,Inf,Inf,Inf,3.2,Inf,watershed.year
WAL.2011,0.01,2.6,1.8,3.4,3.2,2.5,4.4,Inf,Inf,Inf,3.2,Inf,watershed.year
WAL.2015,0.05,0.8,0.7,0.8,2.9,2.4,3.5,119.8,61.7,921,18.9,Inf,watershed.year
WAL.2015,0.02,0.8,0.7,0.8,5.3,4.4,6.8,12.9,11.7,14.1,6.3,32.7,watershed.year
WAL.2015,0.01,0.8,0.7,0.8,7.6,6.2,9.8,10.6,10,11.2,5.3,22.4,watershed.year
WAL.2017,0.05,2.7,1.6,4.2,1.6,1.3,2.2,Inf,Inf,Inf,Inf,Inf,watershed.year
WAL.2017,0.02,2.7,1.6,4.2,2.6,2,3.9,Inf,Inf,Inf,13.3,Inf,watershed.year
WAL.2017,0.01,2.7,1.6,4.2,2.6,2,3.9,Inf,Inf,Inf,13.3,Inf,watershed.year
WWH.1996,0.05,4,2.2,6.4,4.9,3.2,12.1,Inf,Inf,Inf,Inf,Inf,watershed.year
WWH.1996,0.02,4,2.2,6.4,4.9,3.2,12.1,Inf,Inf,Inf,Inf,Inf,watershed.year
WWH.1996,0.01,4,2.2,6.4,4.9,3.2,12.1,Inf,Inf,Inf,Inf,Inf,watershed.year
WWH.2011,0.05,5.5,2,10.8,4.6,3.2,9.2,Inf,Inf,Inf,Inf,Inf,watershed.year
WWH.2011,0.02,5.5,2,10.8,4.6,3.2,9.2,Inf,Inf,Inf,Inf,Inf,watershed.year
WWH.2011,0.01,5.5,2,10.8,4.6,3.2,9.2,Inf,Inf,Inf,Inf,Inf,watershed.year
YUB.2016,0.05,1.9,1.3,2.7,4.3,3.1,7.8,Inf,247.8,Inf,13.4,Inf,watershed.year
YUB.2016,0.02,1.9,1.3,2.7,5.9,4.1,11,Inf,108.4,Inf,15,Inf,watershed.year
YUB.2016,0.01,1.9,1.3,2.7,5.9,4.1,11,Inf,108.4,Inf,15,Inf,watershed.year
